aa1,aa2,rate
Ala,Ala,1
Ala,Asp,0.0511079
Ala,Glu,0.0511079
Ala,Gly,0.0281302
Ala,Pro,0.116582
Ala,Ser,0.0733787
Ala,Thr,1.91291
Ala,Val,0.442112
Arg,Arg,1
Arg,Cys,0.221056
Arg,Gln,0.956453
Arg,Gly,0.0281302
Arg,His,0.956453
Arg,Leu,0.0733787
Arg,Pro,0.116582
Arg,Ser,0.0511079
Arg,Trp,0.221056
Asn,Asn,0.303057
Asn,Asp,0.187887
Asn,His,0.0202539
Asn,Ile,0.0254637
Asn,Lys,0.0544236
Asn,Ser,0.187887
Asn,Thr,0.0202539
Asn,Tyr,0.0254637
Asp,Ala,0.0202539
Asp,Asn,0.956453
Asp,Asp,0.303057
Asp,Glu,0.0544236
Asp,Gly,0.187887
Asp,His,0.0582909
Asp,Tyr,0.0366893
Asp,Val,0.0254637
Cys,Arg,0.385058
Cys,Cys,0.303057
Cys,Gly,0.0165335
Cys,Phe,0.0366893
Cys,Ser,0.0854316
Cys,Trp,0.0544236
Cys,Tyr,0.956453
Gln,Arg,0.187887
Gln,Gln,0.57217
Gln,Glu,0.0140651
Gln,His,0.0703489
Gln,Leu,0.0254637
Gln,Lys,0.0511079
Gln,Pro,0.0202539
Glu,Ala,0.0202539
Glu,Asp,0.0703489
Glu,Gln,0.0582909
Glu,Glu,0.57217
Glu,Gly,0.187887
Glu,Lys,0.956453
Glu,Val,0.0254637
Gly,Ala,0.116582
Gly,Arg,0.116582
Gly,Asp,0.956453
Gly,Cys,0.0366893
Gly,Glu,0.956453
Gly,Gly,1
Gly,Ser,0.956453
Gly,Trp,0.0366893
Gly,Val,0.0733787
His,Arg,0.187887
His,Asn,0.0511079
His,Asp,0.0140651
His,Gln,0.0544236
His,His,0.303057
His,Leu,0.0254637
His,Pro,0.0202539
His,Tyr,0.221056
Ile,Asn,0.0271407
Ile,Ile,0.303057
Ile,Leu,0.0202539
Ile,Met,0.0544236
Ile,Phe,0.0254637
Ile,Ser,0.0165335
Ile,Thr,0.385058
Ile,Val,0.187887
Leu,Arg,0.0330671
Leu,Gln,0.0271407
Leu,His,0.0271407
Leu,Ile,0.0511079
Leu,Leu,2.17828
Leu,Met,0.0782485
Leu,Phe,0.291405
Leu,Pro,0.770117
Leu,Ser,0.385058
Leu,Trp,0.0165335
Leu,Val,0.0446638
Lys,Asn,0.0703489
Lys,Gln,0.0202539
Lys,Glu,0.187887
Lys,Lys,0.57217
Lys,Met,0.0254637
Lys,Thr,0.0202539
Met,Ile,0.0703489
Met,Leu,0.0457176
Met,Lys,0.0271407
Met,Met,0.57217
Met,Thr,0.385058
Met,Val,0.187887
Phe,Cys,0.0165335
Phe,Ile,0.0271407
Phe,Leu,0.439482
Phe,Phe,0.303057
Phe,Ser,0.385058
Phe,Tyr,0.0271407
Phe,Val,0.0165335
Pro,Ala,0.0281302
Pro,Arg,0.0281302
Pro,Gln,0.0511079
Pro,His,0.0511079
Pro,Leu,0.442112
Pro,Pro,1
Pro,Ser,0.442112
Pro,Thr,0.102216
Ser,Ala,0.0330671
Ser,Arg,0.0202539
Ser,Asn,0.956453
Ser,Cys,0.0395288
Ser,Gly,0.187887
Ser,Ile,0.0366893
Ser,Leu,0.221056
Ser,Phe,0.221056
Ser,Pro,0.770117
Ser,Ser,1.30306
Ser,Thr,0.112572
Ser,Trp,0.0140651
Ser,Tyr,0.0511079
Thr,Ala,0.375774
Thr,Asn,0.0511079
Thr,Ile,0.221056
Thr,Lys,0.0511079
Thr,Met,0.221056
Thr,Pro,0.0405077
Thr,Ser,0.0649925
Thr,Thr,1
Trp,Arg,0.385058
Trp,Cys,0.0703489
Trp,Gly,0.0165335
Trp,Leu,0.0366893
Trp,Ser,0.0582909
Trp,Trp,0.57217
Tyr,Asn,0.0271407
Tyr,Asp,0.0165335
Tyr,Cys,0.187887
Tyr,His,0.385058
Tyr,Phe,0.0254637
Tyr,Ser,0.0202539
Tyr,Tyr,0.303057
Val,Ala,0.770117
Val,Asp,0.0271407
Val,Glu,0.0271407
Val,Gly,0.0330671
Val,Ile,0.956453
Val,Leu,0.153271
Val,Met,0.956453
Val,Phe,0.0366893
Val,Val,1
