aa1,aa2,rate,cls
Ala,Ala,1,Actinopteri
Ala,Asp,0.0461058,Actinopteri
Ala,Glu,0.0461058,Actinopteri
Ala,Gly,0.0481859,Actinopteri
Ala,Pro,0.180191,Actinopteri
Ala,Ser,0.0691114,Actinopteri
Ala,Thr,1.84739,Actinopteri
Ala,Val,0.381232,Actinopteri
Arg,Arg,1,Actinopteri
Arg,Cys,0.190616,Actinopteri
Arg,Gln,0.923695,Actinopteri
Arg,Gly,0.0481859,Actinopteri
Arg,His,0.923695,Actinopteri
Arg,Leu,0.0691114,Actinopteri
Arg,Pro,0.180191,Actinopteri
Arg,Ser,0.0461058,Actinopteri
Arg,Trp,0.190616,Actinopteri
Asn,Asn,0.24267,Actinopteri
Asn,Asp,0.291121,Actinopteri
Asn,His,0.0288698,Actinopteri
Asn,Ile,0.0268037,Actinopteri
Asn,Lys,0.0597597,Actinopteri
Asn,Ser,0.291121,Actinopteri
Asn,Thr,0.0288698,Actinopteri
Asn,Tyr,0.0268037,Actinopteri
Asp,Ala,0.0288698,Actinopteri
Asp,Asn,0.923695,Actinopteri
Asp,Asp,0.24267,Actinopteri
Asp,Glu,0.0597597,Actinopteri
Asp,Gly,0.291121,Actinopteri
Asp,His,0.0900955,Actinopteri
Asp,Tyr,0.0345557,Actinopteri
Asp,Val,0.0268037,Actinopteri
Cys,Arg,0.294724,Actinopteri
Cys,Cys,0.24267,Actinopteri
Cys,Gly,0.0234647,Actinopteri
Cys,Phe,0.0345557,Actinopteri
Cys,Ser,0.115951,Actinopteri
Cys,Trp,0.0597597,Actinopteri
Cys,Tyr,0.923695,Actinopteri
Gln,Arg,0.291121,Actinopteri
Gln,Gln,0.607408,Actinopteri
Gln,Glu,0.024093,Actinopteri
Gln,His,0.0901624,Actinopteri
Gln,Leu,0.0268037,Actinopteri
Gln,Lys,0.0461058,Actinopteri
Gln,Pro,0.0288698,Actinopteri
Glu,Ala,0.0288698,Actinopteri
Glu,Asp,0.0901624,Actinopteri
Glu,Gln,0.0900955,Actinopteri
Glu,Glu,0.607408,Actinopteri
Glu,Gly,0.291121,Actinopteri
Glu,Lys,0.923695,Actinopteri
Glu,Val,0.0268037,Actinopteri
Gly,Ala,0.180191,Actinopteri
Gly,Arg,0.180191,Actinopteri
Gly,Asp,0.923695,Actinopteri
Gly,Cys,0.0345557,Actinopteri
Gly,Glu,0.923695,Actinopteri
Gly,Gly,1,Actinopteri
Gly,Ser,0.923695,Actinopteri
Gly,Trp,0.0345557,Actinopteri
Gly,Val,0.0691114,Actinopteri
His,Arg,0.291121,Actinopteri
His,Asn,0.0461058,Actinopteri
His,Asp,0.024093,Actinopteri
His,Gln,0.0597597,Actinopteri
His,His,0.24267,Actinopteri
His,Leu,0.0268037,Actinopteri
His,Pro,0.0288698,Actinopteri
His,Tyr,0.190616,Actinopteri
Ile,Asn,0.025856,Actinopteri
Ile,Ile,0.24267,Actinopteri
Ile,Leu,0.0288698,Actinopteri
Ile,Met,0.0597597,Actinopteri
Ile,Phe,0.0268037,Actinopteri
Ile,Ser,0.0234647,Actinopteri
Ile,Thr,0.294724,Actinopteri
Ile,Val,0.291121,Actinopteri
Leu,Arg,0.0469294,Actinopteri
Leu,Gln,0.025856,Actinopteri
Leu,His,0.025856,Actinopteri
Leu,Ile,0.0461058,Actinopteri
Leu,Leu,2.09275,Actinopteri
Leu,Met,0.0719618,Actinopteri
Leu,Phe,0.280779,Actinopteri
Leu,Pro,0.589447,Actinopteri
Leu,Ser,0.294724,Actinopteri
Leu,Trp,0.0234647,Actinopteri
Leu,Val,0.0716506,Actinopteri
Lys,Asn,0.0901624,Actinopteri
Lys,Gln,0.0288698,Actinopteri
Lys,Glu,0.291121,Actinopteri
Lys,Lys,0.607408,Actinopteri
Lys,Met,0.0268037,Actinopteri
Lys,Thr,0.0288698,Actinopteri
Met,Ile,0.0901624,Actinopteri
Met,Leu,0.0556735,Actinopteri
Met,Lys,0.025856,Actinopteri
Met,Met,0.607408,Actinopteri
Met,Thr,0.294724,Actinopteri
Met,Val,0.291121,Actinopteri
Phe,Cys,0.0234647,Actinopteri
Phe,Ile,0.025856,Actinopteri
Phe,Leu,0.354483,Actinopteri
Phe,Phe,0.24267,Actinopteri
Phe,Ser,0.294724,Actinopteri
Phe,Tyr,0.025856,Actinopteri
Phe,Val,0.0234647,Actinopteri
Pro,Ala,0.0481859,Actinopteri
Pro,Arg,0.0481859,Actinopteri
Pro,Gln,0.0461058,Actinopteri
Pro,His,0.0461058,Actinopteri
Pro,Leu,0.381232,Actinopteri
Pro,Pro,1,Actinopteri
Pro,Ser,0.381232,Actinopteri
Pro,Thr,0.0922115,Actinopteri
Ser,Ala,0.0469294,Actinopteri
Ser,Arg,0.0288698,Actinopteri
Ser,Asn,0.923695,Actinopteri
Ser,Cys,0.0508967,Actinopteri
Ser,Gly,0.291121,Actinopteri
Ser,Ile,0.0345557,Actinopteri
Ser,Leu,0.190616,Actinopteri
Ser,Phe,0.190616,Actinopteri
Ser,Pro,0.589447,Actinopteri
Ser,Ser,1.24267,Actinopteri
Ser,Thr,0.141807,Actinopteri
Ser,Trp,0.024093,Actinopteri
Ser,Tyr,0.0461058,Actinopteri
Thr,Ala,0.582243,Actinopteri
Thr,Asn,0.0461058,Actinopteri
Thr,Ile,0.190616,Actinopteri
Thr,Lys,0.0461058,Actinopteri
Thr,Met,0.190616,Actinopteri
Thr,Pro,0.0577396,Actinopteri
Thr,Ser,0.0777005,Actinopteri
Thr,Thr,1,Actinopteri
Trp,Arg,0.294724,Actinopteri
Trp,Cys,0.0901624,Actinopteri
Trp,Gly,0.0234647,Actinopteri
Trp,Leu,0.0345557,Actinopteri
Trp,Ser,0.0900955,Actinopteri
Trp,Trp,0.607408,Actinopteri
Tyr,Asn,0.025856,Actinopteri
Tyr,Asp,0.0234647,Actinopteri
Tyr,Cys,0.291121,Actinopteri
Tyr,His,0.294724,Actinopteri
Tyr,Phe,0.0268037,Actinopteri
Tyr,Ser,0.0288698,Actinopteri
Tyr,Tyr,0.24267,Actinopteri
Val,Ala,0.589447,Actinopteri
Val,Asp,0.025856,Actinopteri
Val,Glu,0.025856,Actinopteri
Val,Gly,0.0469294,Actinopteri
Val,Ile,0.923695,Actinopteri
Val,Leu,0.214747,Actinopteri
Val,Met,0.923695,Actinopteri
Val,Phe,0.0345557,Actinopteri
Val,Val,1,Actinopteri
Ala,Ala,1,Amphibia
Ala,Asp,0.0873569,Amphibia
Ala,Glu,0.0873569,Amphibia
Ala,Gly,0.0127451,Amphibia
Ala,Pro,0.0721625,Amphibia
Ala,Ser,0.077688,Amphibia
Ala,Thr,1.82902,Amphibia
Ala,Val,0.601705,Amphibia
Arg,Arg,1,Amphibia
Arg,Cys,0.300853,Amphibia
Arg,Gln,0.91451,Amphibia
Arg,Gly,0.0127451,Amphibia
Arg,His,0.91451,Amphibia
Arg,Leu,0.077688,Amphibia
Arg,Pro,0.0721625,Amphibia
Arg,Ser,0.0873569,Amphibia
Arg,Trp,0.300853,Amphibia
Asn,Asn,0.301418,Amphibia
Asn,Asp,0.201507,Amphibia
Asn,His,0.0263692,Amphibia
Asn,Ile,0.0380247,Amphibia
Asn,Lys,0.0709146,Amphibia
Asn,Ser,0.201507,Amphibia
Asn,Thr,0.0263692,Amphibia
Asn,Tyr,0.0380247,Amphibia
Asp,Ala,0.0263692,Amphibia
Asp,Asn,0.91451,Amphibia
Asp,Asp,0.301418,Amphibia
Asp,Glu,0.0709146,Amphibia
Asp,Gly,0.201507,Amphibia
Asp,His,0.0360812,Amphibia
Asp,Tyr,0.038844,Amphibia
Asp,Val,0.0380247,Amphibia
Cys,Arg,0.301982,Amphibia
Cys,Cys,0.301418,Amphibia
Cys,Gly,0.0190148,Amphibia
Cys,Phe,0.038844,Amphibia
Cys,Ser,0.0651663,Amphibia
Cys,Trp,0.0709146,Amphibia
Cys,Tyr,0.91451,Amphibia
Gln,Arg,0.201507,Amphibia
Gln,Gln,0.558008,Amphibia
Gln,Glu,0.00637253,Amphibia
Gln,His,0.0696595,Amphibia
Gln,Leu,0.0380247,Amphibia
Gln,Lys,0.0873569,Amphibia
Gln,Pro,0.0263692,Amphibia
Glu,Ala,0.0263692,Amphibia
Glu,Asp,0.0696595,Amphibia
Glu,Gln,0.0360812,Amphibia
Glu,Glu,0.558008,Amphibia
Glu,Gly,0.201507,Amphibia
Glu,Lys,0.91451,Amphibia
Glu,Val,0.0380247,Amphibia
Gly,Ala,0.0721625,Amphibia
Gly,Arg,0.0721625,Amphibia
Gly,Asp,0.91451,Amphibia
Gly,Cys,0.038844,Amphibia
Gly,Glu,0.91451,Amphibia
Gly,Gly,1,Amphibia
Gly,Ser,0.91451,Amphibia
Gly,Trp,0.038844,Amphibia
Gly,Val,0.077688,Amphibia
His,Arg,0.201507,Amphibia
His,Asn,0.0873569,Amphibia
His,Asp,0.00637253,Amphibia
His,Gln,0.0709146,Amphibia
His,His,0.301418,Amphibia
His,Leu,0.0380247,Amphibia
His,Pro,0.0263692,Amphibia
His,Tyr,0.300853,Amphibia
Ile,Asn,0.029085,Amphibia
Ile,Ile,0.301418,Amphibia
Ile,Leu,0.0263692,Amphibia
Ile,Met,0.0709146,Amphibia
Ile,Phe,0.0380247,Amphibia
Ile,Ser,0.0190148,Amphibia
Ile,Thr,0.301982,Amphibia
Ile,Val,0.201507,Amphibia
Leu,Arg,0.0380295,Amphibia
Leu,Gln,0.029085,Amphibia
Leu,His,0.029085,Amphibia
Leu,Ile,0.0873569,Amphibia
Leu,Leu,2.16084,Amphibia
Leu,Met,0.116442,Amphibia
Leu,Phe,0.370512,Amphibia
Leu,Pro,0.603965,Amphibia
Leu,Ser,0.301982,Amphibia
Leu,Trp,0.0190148,Amphibia
Leu,Val,0.0317598,Amphibia
Lys,Asn,0.0696595,Amphibia
Lys,Gln,0.0263692,Amphibia
Lys,Glu,0.201507,Amphibia
Lys,Lys,0.558008,Amphibia
Lys,Met,0.0380247,Amphibia
Lys,Thr,0.0263692,Amphibia
Met,Ile,0.0696595,Amphibia
Met,Leu,0.0643939,Amphibia
Met,Lys,0.029085,Amphibia
Met,Met,0.558008,Amphibia
Met,Thr,0.301982,Amphibia
Met,Val,0.201507,Amphibia
Phe,Cys,0.0190148,Amphibia
Phe,Ile,0.029085,Amphibia
Phe,Leu,0.372897,Amphibia
Phe,Phe,0.301418,Amphibia
Phe,Ser,0.301982,Amphibia
Phe,Tyr,0.029085,Amphibia
Phe,Val,0.0190148,Amphibia
Pro,Ala,0.0127451,Amphibia
Pro,Arg,0.0127451,Amphibia
Pro,Gln,0.0873569,Amphibia
Pro,His,0.0873569,Amphibia
Pro,Leu,0.601705,Amphibia
Pro,Pro,1,Amphibia
Pro,Ser,0.601705,Amphibia
Pro,Thr,0.174714,Amphibia
Ser,Ala,0.0380295,Amphibia
Ser,Arg,0.0263692,Amphibia
Ser,Asn,0.91451,Amphibia
Ser,Cys,0.0443972,Amphibia
Ser,Gly,0.201507,Amphibia
Ser,Ile,0.038844,Amphibia
Ser,Leu,0.300853,Amphibia
Ser,Phe,0.300853,Amphibia
Ser,Pro,0.603965,Amphibia
Ser,Ser,1.30142,Amphibia
Ser,Thr,0.0942513,Amphibia
Ser,Trp,0.00637253,Amphibia
Ser,Tyr,0.0873569,Amphibia
Thr,Ala,0.403014,Amphibia
Thr,Asn,0.0873569,Amphibia
Thr,Ile,0.300853,Amphibia
Thr,Lys,0.0873569,Amphibia
Thr,Met,0.300853,Amphibia
Thr,Pro,0.0527383,Amphibia
Thr,Ser,0.0824219,Amphibia
Thr,Thr,1,Amphibia
Trp,Arg,0.301982,Amphibia
Trp,Cys,0.0696595,Amphibia
Trp,Gly,0.0190148,Amphibia
Trp,Leu,0.038844,Amphibia
Trp,Ser,0.0360812,Amphibia
Trp,Trp,0.558008,Amphibia
Tyr,Asn,0.029085,Amphibia
Tyr,Asp,0.0190148,Amphibia
Tyr,Cys,0.201507,Amphibia
Tyr,His,0.301982,Amphibia
Tyr,Phe,0.0380247,Amphibia
Tyr,Ser,0.0263692,Amphibia
Tyr,Tyr,0.301418,Amphibia
Val,Ala,0.603965,Amphibia
Val,Asp,0.029085,Amphibia
Val,Glu,0.029085,Amphibia
Val,Gly,0.0380295,Amphibia
Val,Ile,0.91451,Amphibia
Val,Leu,0.111006,Amphibia
Val,Met,0.91451,Amphibia
Val,Phe,0.038844,Amphibia
Val,Val,1,Amphibia
Ala,Ala,1,Aves
Ala,Asp,0.042191,Aves
Ala,Glu,0.042191,Aves
Ala,Gly,0.0160145,Aves
Ala,Pro,0.0964354,Aves
Ala,Ser,0.0273919,Aves
Ala,Thr,1.8566,Aves
Ala,Val,0.340158,Aves
Arg,Arg,1,Aves
Arg,Cys,0.170079,Aves
Arg,Gln,0.9283,Aves
Arg,Gly,0.0160145,Aves
Arg,His,0.9283,Aves
Arg,Leu,0.0273919,Aves
Arg,Pro,0.0964354,Aves
Arg,Ser,0.042191,Aves
Arg,Trp,0.170079,Aves
Asn,Asn,0.382698,Aves
Asn,Asp,0.1406,Aves
Asn,His,0.0161316,Aves
Asn,Ile,0.0140912,Aves
Asn,Lys,0.0367837,Aves
Asn,Ser,0.1406,Aves
Asn,Thr,0.0161316,Aves
Asn,Tyr,0.0140912,Aves
Asp,Ala,0.0161316,Aves
Asp,Asn,0.9283,Aves
Asp,Asp,0.382698,Aves
Asp,Glu,0.0367837,Aves
Asp,Gly,0.1406,Aves
Asp,His,0.0482177,Aves
Asp,Tyr,0.0136959,Aves
Asp,Val,0.0140912,Aves
Cys,Arg,0.595317,Aves
Cys,Cys,0.382698,Aves
Cys,Gly,0.00649788,Aves
Cys,Phe,0.0136959,Aves
Cys,Ser,0.0650891,Aves
Cys,Trp,0.0367837,Aves
Cys,Tyr,0.9283,Aves
Gln,Arg,0.1406,Aves
Gln,Gln,0.53445,Aves
Gln,Glu,0.00800725,Aves
Gln,His,0.0460682,Aves
Gln,Leu,0.0140912,Aves
Gln,Lys,0.042191,Aves
Gln,Pro,0.0161316,Aves
Glu,Ala,0.0161316,Aves
Glu,Asp,0.0460682,Aves
Glu,Gln,0.0482177,Aves
Glu,Glu,0.53445,Aves
Glu,Gly,0.1406,Aves
Glu,Lys,0.9283,Aves
Glu,Val,0.0140912,Aves
Gly,Ala,0.0964354,Aves
Gly,Arg,0.0964354,Aves
Gly,Asp,0.9283,Aves
Gly,Cys,0.0136959,Aves
Gly,Glu,0.9283,Aves
Gly,Gly,1,Aves
Gly,Ser,0.9283,Aves
Gly,Trp,0.0136959,Aves
Gly,Val,0.0273919,Aves
His,Arg,0.1406,Aves
His,Asn,0.042191,Aves
His,Asp,0.00800725,Aves
His,Gln,0.0367837,Aves
His,His,0.382698,Aves
His,Leu,0.0140912,Aves
His,Pro,0.0161316,Aves
His,Tyr,0.170079,Aves
Ile,Asn,0.0168714,Aves
Ile,Ile,0.382698,Aves
Ile,Leu,0.0161316,Aves
Ile,Met,0.0367837,Aves
Ile,Phe,0.0140912,Aves
Ile,Ser,0.00649788,Aves
Ile,Thr,0.595317,Aves
Ile,Val,0.1406,Aves
Leu,Arg,0.0129958,Aves
Leu,Gln,0.0168714,Aves
Leu,His,0.0168714,Aves
Leu,Ile,0.042191,Aves
Leu,Leu,2.29985,Aves
Leu,Met,0.0590623,Aves
Leu,Phe,0.216147,Aves
Leu,Pro,1.19063,Aves
Leu,Ser,0.595317,Aves
Leu,Trp,0.00649788,Aves
Leu,Val,0.0225124,Aves
Lys,Asn,0.0460682,Aves
Lys,Gln,0.0161316,Aves
Lys,Glu,0.1406,Aves
Lys,Lys,0.53445,Aves
Lys,Met,0.0140912,Aves
Lys,Thr,0.0161316,Aves
Met,Ile,0.0460682,Aves
Met,Leu,0.0302228,Aves
Met,Lys,0.0168714,Aves
Met,Met,0.53445,Aves
Met,Thr,0.595317,Aves
Met,Val,0.1406,Aves
Phe,Cys,0.00649788,Aves
Phe,Ile,0.0168714,Aves
Phe,Leu,0.632101,Aves
Phe,Phe,0.382698,Aves
Phe,Ser,0.595317,Aves
Phe,Tyr,0.0168714,Aves
Phe,Val,0.00649788,Aves
Pro,Ala,0.0160145,Aves
Pro,Arg,0.0160145,Aves
Pro,Gln,0.042191,Aves
Pro,His,0.042191,Aves
Pro,Leu,0.340158,Aves
Pro,Pro,1,Aves
Pro,Ser,0.340158,Aves
Pro,Thr,0.0843819,Aves
Ser,Ala,0.0129958,Aves
Ser,Arg,0.0161316,Aves
Ser,Asn,0.9283,Aves
Ser,Cys,0.0220985,Aves
Ser,Gly,0.1406,Aves
Ser,Ile,0.0136959,Aves
Ser,Leu,0.170079,Aves
Ser,Phe,0.170079,Aves
Ser,Pro,1.19063,Aves
Ser,Ser,1.3827,Aves
Ser,Thr,0.0819604,Aves
Ser,Trp,0.00800725,Aves
Ser,Tyr,0.042191,Aves
Thr,Ala,0.2812,Aves
Thr,Asn,0.042191,Aves
Thr,Ile,0.170079,Aves
Thr,Lys,0.042191,Aves
Thr,Met,0.170079,Aves
Thr,Pro,0.0322631,Aves
Thr,Ser,0.0361897,Aves
Thr,Thr,1,Aves
Trp,Arg,0.595317,Aves
Trp,Cys,0.0460682,Aves
Trp,Gly,0.00649788,Aves
Trp,Leu,0.0136959,Aves
Trp,Ser,0.0482177,Aves
Trp,Trp,0.53445,Aves
Tyr,Asn,0.0168714,Aves
Tyr,Asp,0.00649788,Aves
Tyr,Cys,0.1406,Aves
Tyr,His,0.595317,Aves
Tyr,Phe,0.0140912,Aves
Tyr,Ser,0.0161316,Aves
Tyr,Tyr,0.382698,Aves
Val,Ala,1.19063,Aves
Val,Asp,0.0168714,Aves
Val,Glu,0.0168714,Aves
Val,Gly,0.0129958,Aves
Val,Ile,0.9283,Aves
Val,Leu,0.110131,Aves
Val,Met,0.9283,Aves
Val,Phe,0.0136959,Aves
Val,Val,1,Aves
Ala,Ala,1,Lepidosauria
Ala,Asp,0.066206,Lepidosauria
Ala,Glu,0.066206,Lepidosauria
Ala,Gly,0.0198513,Lepidosauria
Ala,Pro,0.106359,Lepidosauria
Ala,Ser,0.106002,Lepidosauria
Ala,Thr,2.1374,Lepidosauria
Ala,Val,0.379742,Lepidosauria
Arg,Arg,1,Lepidosauria
Arg,Cys,0.189871,Lepidosauria
Arg,Gln,1.0687,Lepidosauria
Arg,Gly,0.0198513,Lepidosauria
Arg,His,1.0687,Lepidosauria
Arg,Leu,0.106002,Lepidosauria
Arg,Pro,0.106359,Lepidosauria
Arg,Ser,0.066206,Lepidosauria
Arg,Trp,0.189871,Lepidosauria
Asn,Asn,0.25483,Lepidosauria
Asn,Asp,0.147071,Lepidosauria
Asn,His,0.0231921,Lepidosauria
Asn,Ile,0.0243943,Lepidosauria
Asn,Lys,0.0604001,Lepidosauria
Asn,Ser,0.147071,Lepidosauria
Asn,Thr,0.0231921,Lepidosauria
Asn,Tyr,0.0243943,Lepidosauria
Asp,Ala,0.0231921,Lepidosauria
Asp,Asn,1.0687,Lepidosauria
Asp,Asp,0.25483,Lepidosauria
Asp,Glu,0.0604001,Lepidosauria
Asp,Gly,0.147071,Lepidosauria
Asp,His,0.0531797,Lepidosauria
Asp,Tyr,0.0530012,Lepidosauria
Asp,Val,0.0243943,Lepidosauria
Cys,Arg,0.319788,Lepidosauria
Cys,Cys,0.25483,Lepidosauria
Cys,Gly,0.018322,Lepidosauria
Cys,Phe,0.0530012,Lepidosauria
Cys,Ser,0.0795262,Lepidosauria
Cys,Trp,0.0604001,Lepidosauria
Cys,Tyr,1.0687,Lepidosauria
Gln,Arg,0.147071,Lepidosauria
Gln,Gln,0.607886,Lepidosauria
Gln,Glu,0.00992567,Lepidosauria
Gln,His,0.0768836,Lepidosauria
Gln,Leu,0.0243943,Lepidosauria
Gln,Lys,0.066206,Lepidosauria
Gln,Pro,0.0231921,Lepidosauria
Glu,Ala,0.0231921,Lepidosauria
Glu,Asp,0.0768836,Lepidosauria
Glu,Gln,0.0531797,Lepidosauria
Glu,Glu,0.607886,Lepidosauria
Glu,Gly,0.147071,Lepidosauria
Glu,Lys,1.0687,Lepidosauria
Glu,Val,0.0243943,Lepidosauria
Gly,Ala,0.106359,Lepidosauria
Gly,Arg,0.106359,Lepidosauria
Gly,Asp,1.0687,Lepidosauria
Gly,Cys,0.0530012,Lepidosauria
Gly,Glu,1.0687,Lepidosauria
Gly,Gly,1,Lepidosauria
Gly,Ser,1.0687,Lepidosauria
Gly,Trp,0.0530012,Lepidosauria
Gly,Val,0.106002,Lepidosauria
His,Arg,0.147071,Lepidosauria
His,Asn,0.066206,Lepidosauria
His,Asp,0.00992567,Lepidosauria
His,Gln,0.0604001,Lepidosauria
His,His,0.25483,Lepidosauria
His,Leu,0.0243943,Lepidosauria
His,Pro,0.0231921,Lepidosauria
His,Tyr,0.189871,Lepidosauria
Ile,Asn,0.0263466,Lepidosauria
Ile,Ile,0.25483,Lepidosauria
Ile,Leu,0.0231921,Lepidosauria
Ile,Met,0.0604001,Lepidosauria
Ile,Phe,0.0243943,Lepidosauria
Ile,Ser,0.018322,Lepidosauria
Ile,Thr,0.319788,Lepidosauria
Ile,Val,0.147071,Lepidosauria
Leu,Arg,0.036644,Lepidosauria
Leu,Gln,0.0263466,Lepidosauria
Leu,His,0.0263466,Lepidosauria
Leu,Ile,0.066206,Lepidosauria
Leu,Leu,2.11755,Lepidosauria
Leu,Met,0.0925525,Lepidosauria
Leu,Phe,0.266755,Lepidosauria
Leu,Pro,0.639577,Lepidosauria
Leu,Ser,0.319788,Lepidosauria
Leu,Trp,0.018322,Lepidosauria
Leu,Val,0.0381734,Lepidosauria
Lys,Asn,0.0768836,Lepidosauria
Lys,Gln,0.0231921,Lepidosauria
Lys,Glu,0.147071,Lepidosauria
Lys,Lys,0.607886,Lepidosauria
Lys,Met,0.0243943,Lepidosauria
Lys,Thr,0.0231921,Lepidosauria
Met,Ile,0.0768836,Lepidosauria
Met,Leu,0.0475864,Lepidosauria
Met,Lys,0.0263466,Lepidosauria
Met,Met,0.607886,Lepidosauria
Met,Thr,0.319788,Lepidosauria
Met,Val,0.147071,Lepidosauria
Phe,Cys,0.018322,Lepidosauria
Phe,Ile,0.0263466,Lepidosauria
Phe,Leu,0.380189,Lepidosauria
Phe,Phe,0.25483,Lepidosauria
Phe,Ser,0.319788,Lepidosauria
Phe,Tyr,0.0263466,Lepidosauria
Phe,Val,0.018322,Lepidosauria
Pro,Ala,0.0198513,Lepidosauria
Pro,Arg,0.0198513,Lepidosauria
Pro,Gln,0.066206,Lepidosauria
Pro,His,0.066206,Lepidosauria
Pro,Leu,0.379742,Lepidosauria
Pro,Pro,1,Lepidosauria
Pro,Ser,0.379742,Lepidosauria
Pro,Thr,0.132412,Lepidosauria
Ser,Ala,0.036644,Lepidosauria
Ser,Arg,0.0231921,Lepidosauria
Ser,Asn,1.0687,Lepidosauria
Ser,Cys,0.03432,Lepidosauria
Ser,Gly,0.147071,Lepidosauria
Ser,Ile,0.0530012,Lepidosauria
Ser,Leu,0.189871,Lepidosauria
Ser,Phe,0.189871,Lepidosauria
Ser,Pro,0.639577,Lepidosauria
Ser,Ser,1.25483,Lepidosauria
Ser,Thr,0.105873,Lepidosauria
Ser,Trp,0.00992567,Lepidosauria
Ser,Tyr,0.066206,Lepidosauria
Thr,Ala,0.294141,Lepidosauria
Thr,Asn,0.066206,Lepidosauria
Thr,Ile,0.189871,Lepidosauria
Thr,Lys,0.066206,Lepidosauria
Thr,Met,0.189871,Lepidosauria
Thr,Pro,0.0463842,Lepidosauria
Thr,Ser,0.0587142,Lepidosauria
Thr,Thr,1,Lepidosauria
Trp,Arg,0.319788,Lepidosauria
Trp,Cys,0.0768836,Lepidosauria
Trp,Gly,0.018322,Lepidosauria
Trp,Leu,0.0530012,Lepidosauria
Trp,Ser,0.0531797,Lepidosauria
Trp,Trp,0.607886,Lepidosauria
Tyr,Asn,0.0263466,Lepidosauria
Tyr,Asp,0.018322,Lepidosauria
Tyr,Cys,0.147071,Lepidosauria
Tyr,His,0.319788,Lepidosauria
Tyr,Phe,0.0243943,Lepidosauria
Tyr,Ser,0.0231921,Lepidosauria
Tyr,Tyr,0.25483,Lepidosauria
Val,Ala,0.639577,Lepidosauria
Val,Asp,0.0263466,Lepidosauria
Val,Glu,0.0263466,Lepidosauria
Val,Gly,0.036644,Lepidosauria
Val,Ile,1.0687,Lepidosauria
Val,Leu,0.159361,Lepidosauria
Val,Met,1.0687,Lepidosauria
Val,Phe,0.0530012,Lepidosauria
Val,Val,1,Lepidosauria
Ala,Ala,1,Mammalia
Ala,Asp,0.0490194,Mammalia
Ala,Glu,0.0490194,Mammalia
Ala,Gly,0.0201916,Mammalia
Ala,Pro,0.0843906,Mammalia
Ala,Ser,0.0760439,Mammalia
Ala,Thr,1.9233,Mammalia
Ala,Val,0.497744,Mammalia
Arg,Arg,1,Mammalia
Arg,Cys,0.248872,Mammalia
Arg,Gln,0.961652,Mammalia
Arg,Gly,0.0201916,Mammalia
Arg,His,0.961652,Mammalia
Arg,Leu,0.0760439,Mammalia
Arg,Pro,0.0843906,Mammalia
Arg,Ser,0.0490194,Mammalia
Arg,Trp,0.248872,Mammalia
Asn,Asn,0.340845,Mammalia
Asn,Asp,0.135226,Mammalia
Asn,His,0.0139896,Mammalia
Asn,Ile,0.0254791,Mammalia
Asn,Lys,0.0508727,Mammalia
Asn,Ser,0.135226,Mammalia
Asn,Thr,0.0139896,Mammalia
Asn,Tyr,0.0254791,Mammalia
Asp,Ala,0.0139896,Mammalia
Asp,Asn,0.961652,Mammalia
Asp,Asp,0.340845,Mammalia
Asp,Glu,0.0508727,Mammalia
Asp,Gly,0.135226,Mammalia
Asp,His,0.0421953,Mammalia
Asp,Tyr,0.038022,Mammalia
Asp,Val,0.0254791,Mammalia
Cys,Arg,0.432818,Mammalia
Cys,Cys,0.340845,Mammalia
Cys,Gly,0.0129615,Mammalia
Cys,Phe,0.038022,Mammalia
Cys,Ser,0.071864,Mammalia
Cys,Trp,0.0508727,Mammalia
Cys,Tyr,0.961652,Mammalia
Gln,Arg,0.135226,Mammalia
Gln,Gln,0.548439,Mammalia
Gln,Glu,0.0100958,Mammalia
Gln,His,0.059843,Mammalia
Gln,Leu,0.0254791,Mammalia
Gln,Lys,0.0490194,Mammalia
Gln,Pro,0.0139896,Mammalia
Glu,Ala,0.0139896,Mammalia
Glu,Asp,0.059843,Mammalia
Glu,Gln,0.0421953,Mammalia
Glu,Glu,0.548439,Mammalia
Glu,Gly,0.135226,Mammalia
Glu,Lys,0.961652,Mammalia
Glu,Val,0.0254791,Mammalia
Gly,Ala,0.0843906,Mammalia
Gly,Arg,0.0843906,Mammalia
Gly,Asp,0.961652,Mammalia
Gly,Cys,0.038022,Mammalia
Gly,Glu,0.961652,Mammalia
Gly,Gly,1,Mammalia
Gly,Ser,0.961652,Mammalia
Gly,Trp,0.038022,Mammalia
Gly,Val,0.0760439,Mammalia
His,Arg,0.135226,Mammalia
His,Asn,0.0490194,Mammalia
His,Asp,0.0100958,Mammalia
His,Gln,0.0508727,Mammalia
His,His,0.340845,Mammalia
His,Leu,0.0254791,Mammalia
His,Pro,0.0139896,Mammalia
His,Tyr,0.248872,Mammalia
Ile,Asn,0.0296687,Mammalia
Ile,Ile,0.340845,Mammalia
Ile,Leu,0.0139896,Mammalia
Ile,Met,0.0508727,Mammalia
Ile,Phe,0.0254791,Mammalia
Ile,Ser,0.0129615,Mammalia
Ile,Thr,0.432818,Mammalia
Ile,Val,0.135226,Mammalia
Leu,Arg,0.025923,Mammalia
Leu,Gln,0.0296687,Mammalia
Leu,His,0.0296687,Mammalia
Leu,Ile,0.0490194,Mammalia
Leu,Leu,2.23013,Mammalia
Leu,Met,0.0786881,Mammalia
Leu,Phe,0.308715,Mammalia
Leu,Pro,0.865636,Mammalia
Leu,Ser,0.432818,Mammalia
Leu,Trp,0.0129615,Mammalia
Leu,Val,0.0331531,Mammalia
Lys,Asn,0.059843,Mammalia
Lys,Gln,0.0139896,Mammalia
Lys,Glu,0.135226,Mammalia
Lys,Lys,0.548439,Mammalia
Lys,Met,0.0254791,Mammalia
Lys,Thr,0.0139896,Mammalia
Met,Ile,0.059843,Mammalia
Met,Leu,0.0394687,Mammalia
Met,Lys,0.0296687,Mammalia
Met,Met,0.548439,Mammalia
Met,Thr,0.432818,Mammalia
Met,Val,0.135226,Mammalia
Phe,Cys,0.0129615,Mammalia
Phe,Ile,0.0296687,Mammalia
Phe,Leu,0.483691,Mammalia
Phe,Phe,0.340845,Mammalia
Phe,Ser,0.432818,Mammalia
Phe,Tyr,0.0296687,Mammalia
Phe,Val,0.0129615,Mammalia
Pro,Ala,0.0201916,Mammalia
Pro,Arg,0.0201916,Mammalia
Pro,Gln,0.0490194,Mammalia
Pro,His,0.0490194,Mammalia
Pro,Leu,0.497744,Mammalia
Pro,Pro,1,Mammalia
Pro,Ser,0.497744,Mammalia
Pro,Thr,0.0980388,Mammalia
Ser,Ala,0.025923,Mammalia
Ser,Arg,0.0139896,Mammalia
Ser,Asn,0.961652,Mammalia
Ser,Cys,0.035575,Mammalia
Ser,Gly,0.135226,Mammalia
Ser,Ile,0.038022,Mammalia
Ser,Leu,0.248872,Mammalia
Ser,Phe,0.248872,Mammalia
Ser,Pro,0.865636,Mammalia
Ser,Ser,1.34084,Mammalia
Ser,Thr,0.101533,Mammalia
Ser,Trp,0.0100958,Mammalia
Ser,Tyr,0.0490194,Mammalia
Thr,Ala,0.270452,Mammalia
Thr,Asn,0.0490194,Mammalia
Thr,Ile,0.248872,Mammalia
Thr,Lys,0.0490194,Mammalia
Thr,Met,0.248872,Mammalia
Thr,Pro,0.0279791,Mammalia
Thr,Ser,0.0610541,Mammalia
Thr,Thr,1,Mammalia
Trp,Arg,0.432818,Mammalia
Trp,Cys,0.059843,Mammalia
Trp,Gly,0.0129615,Mammalia
Trp,Leu,0.038022,Mammalia
Trp,Ser,0.0421953,Mammalia
Trp,Trp,0.548439,Mammalia
Tyr,Asn,0.0296687,Mammalia
Tyr,Asp,0.0129615,Mammalia
Tyr,Cys,0.135226,Mammalia
Tyr,His,0.432818,Mammalia
Tyr,Phe,0.0254791,Mammalia
Tyr,Ser,0.0139896,Mammalia
Tyr,Tyr,0.340845,Mammalia
Val,Ala,0.865636,Mammalia
Val,Asp,0.0296687,Mammalia
Val,Glu,0.0296687,Mammalia
Val,Gly,0.025923,Mammalia
Val,Ile,0.961652,Mammalia
Val,Leu,0.122413,Mammalia
Val,Met,0.961652,Mammalia
Val,Phe,0.038022,Mammalia
Val,Val,1,Mammalia
